Trip_ID,Harsh_Acceleration_Count,Harsh_Braking_Count,Sudden_Turn_Count,High_Speed_Count,Avg_Speed,Max_Speed,Avg_Acceleration,Max_Acceleration,Avg_Gyro,Max_Gyro,Driver_ID,Vehicle_ID,Trip_Date,Duration_Min,Distance_KM,Avg_Speed_kmph,Max_Speed_kmph,Risk_Events,Risk_Events_Per_10_Min
T00001,0,0,0,0,28.71875,39.4,1.015942849371013,1.186010539582174,2.626879318044309,5.05419627636284,D01,V01,2026-08-04,16,9.34,28.7,39.4,0,0.0
T00002,1,2,2,3,28.545454545454547,54.4,0.9981214659653616,1.07032004559384,4.626561836212162,36.400853011983116,D01,V01,2026-08-02,22,5.0,28.5,54.4,8,3.6363636363636367
T00003,0,0,2,0,16.900000000000002,32.7,1.0168001188706366,1.1912199628951825,4.699843083707394,38.31371294980428,D01,V01,2026-07-31,27,7.25,16.9,32.7,2,0.7407407407407407
T00004,0,0,3,0,23.90714285714286,40.4,1.004190567676735,1.223474151749844,7.708967822806433,54.095155975373615,D01,V01,2026-07-31,42,9.27,23.9,40.4,3,0.7142857142857142
T00005,0,1,1,2,28.707692307692305,42.5,1.0404150700687913,1.2658645267168205,6.098401847544783,46.65755351494546,D01,V01,2026-08-01,13,7.74,28.7,42.5,4,3.076923076923077
T00006,1,0,2,0,21.726315789473684,33.4,1.0376359515598574,1.1910377827760124,5.227250844770779,40.71288002585914,D01,V01,2026-08-05,19,11.26,21.7,33.4,3,1.5789473684210527
T00007,0,0,0,0,20.033333333333335,38.2,1.0517059681150167,1.1989353610599698,3.610976096774266,6.751570187741515,D01,V01,2026-08-03,15,6.2,20.0,38.2,0,0.0
T00008,1,1,2,0,25.329268292682926,41.7,1.0323590206089621,1.405850632179678,6.52930803927015,50.628053488160106,D01,V01,2026-08-04,41,14.97,25.3,41.7,4,0.975609756097561
T00009,0,0,2,2,23.838709677419356,42.3,1.086552703846149,1.6397326001516224,5.110172455488585,48.700853175278155,D01,V01,2026-08-06,31,17.09,23.8,42.3,4,1.2903225806451613
T00010,2,3,2,3,30.63939393939394,47.5,1.0130179965443091,1.4205565810625074,4.52194448494512,44.39888061652005,D01,V01,2026-08-05,33,16.27,30.6,47.5,10,3.0303030303030303
T00011,0,0,2,0,22.819512195121952,33.9,1.024592244195966,1.3824257665422761,4.339219835634773,52.701459182834775,D01,V01,2026-08-03,41,23.39,22.8,33.9,2,0.4878048780487805
T00012,3,3,0,5,32.11724137931034,45.8,1.011746764435433,1.5039504646097892,3.3775687869988356,9.894311497016858,D01,V01,2026-08-05,29,11.69,32.1,45.8,11,3.793103448275862
T00013,1,2,5,2,28.056756756756755,47.0,1.0078956213582564,1.2593482441326544,6.810928980477781,52.43196925540753,D01,V01,2026-08-01,37,14.92,28.1,47.0,10,2.7027027027027026
T00014,1,1,4,1,29.508333333333336,45.0,1.0262390480409938,1.1274945676144077,7.264724001023139,49.80862977436741,D01,V01,2026-08-05,24,16.29,29.5,45.0,7,2.916666666666667
T00015,1,1,4,1,19.875675675675677,47.2,1.0283074821275564,1.2349518209225814,5.918455264219544,50.654730282570846,D01,V01,2026-08-01,37,14.69,19.9,47.2,7,1.891891891891892
T00016,1,3,2,2,23.092857142857145,44.7,1.1325710053677713,1.7313581374169815,7.315028202127649,41.82192487200942,D02,V02,2026-08-02,14,6.21,23.1,44.7,8,5.7142857142857135
T00017,2,2,0,0,22.756,38.0,1.0537789164149598,1.3885366397758467,5.427644492458572,34.4402047032244,D02,V02,2026-08-06,25,9.63,22.8,38.0,4,1.6
T00018,0,0,0,0,22.168000000000003,33.7,1.0537890966530141,1.703150609899195,4.504002458902011,25.253209696987035,D02,V02,2026-08-06,25,19.0,22.2,33.7,0,0.0
T00019,1,1,0,0,16.884999999999998,31.5,1.0271155938567655,1.4271278849493483,3.5315977282428848,8.566031753384994,D02,V02,2026-08-01,20,6.61,16.9,31.5,2,1.0
T00020,2,2,0,1,21.711627906976744,44.1,1.0958517548196867,1.78548424804029,4.215979969951618,17.12203550983352,D02,V02,2026-08-05,43,9.39,21.7,44.1,5,1.1627906976744187
T00021,3,2,6,0,18.784444444444443,36.3,1.0184967938342078,1.6733514275250132,6.690252666638946,52.91958144203335,D02,V02,2026-08-01,45,23.92,18.8,36.3,11,2.444444444444444
T00022,0,1,2,0,22.31219512195122,36.9,1.0174957828314606,1.4606115157700217,5.1282002742214425,38.723154571909554,D02,V02,2026-08-02,41,11.6,22.3,36.9,3,0.7317073170731707
T00023,1,2,0,4,26.771428571428572,50.7,1.008604912692706,1.165230020210602,3.0111624625849176,4.99373607632602,D02,V02,2026-08-03,21,15.2,26.8,50.7,7,3.333333333333333
T00024,3,2,0,3,27.542857142857144,50.5,1.0296087187230771,1.7641368994496995,3.9864427660980093,17.802977279095764,D02,V02,2026-08-04,35,16.23,27.5,50.5,8,2.2857142857142856
T00025,0,1,2,0,19.570588235294117,31.9,1.0055761150263134,1.2400923352718538,5.758669508094334,45.51889058402018,D02,V02,2026-08-05,17,7.73,19.6,31.9,3,1.7647058823529413
T00026,0,0,0,1,28.092307692307692,41.9,1.0115938457816893,1.0915992854523129,3.5691402015910865,5.937794203237427,D02,V02,2026-08-02,13,11.49,28.1,41.9,1,0.7692307692307693
T00027,0,1,0,0,21.26842105263158,34.3,1.1092730839444902,1.8132459844157935,4.9080862681505595,16.70800107732819,D02,V02,2026-08-02,19,11.53,21.3,34.3,1,0.5263157894736842
T00028,2,2,4,2,29.327777777777776,50.9,1.0571693960678041,1.3921328959549801,8.654799741477525,50.96417859634354,D02,V02,2026-08-06,18,9.1,29.3,50.9,10,5.555555555555555
T00029,0,1,2,0,17.738636363636363,36.3,1.042665576984164,1.5047089419552206,4.457807374574528,46.02833257896706,D02,V02,2026-08-06,44,14.25,17.7,36.3,3,0.6818181818181818
T00030,0,0,0,0,22.131818181818183,35.1,1.0858367780710345,1.7110160723967498,5.309924425901074,28.968413833000938,D02,V02,2026-08-04,22,10.41,22.1,35.1,0,0.0
T00031,1,0,2,0,14.255555555555556,32.4,1.0294614862985538,1.119841953134459,5.947503577104677,44.120528102007114,D03,V03,2026-08-02,18,9.23,14.3,32.4,3,1.6666666666666665
T00032,4,2,4,0,13.323684210526316,35.6,1.025803803475414,1.233336126122964,6.311434666758875,52.389637334114084,D03,V03,2026-07-31,38,16.21,13.3,35.6,10,2.631578947368421
T00033,1,0,2,3,23.564285714285713,46.6,1.0702815806908883,1.2555445033928507,8.613389156803335,46.7390489847622,D03,V03,2026-08-03,14,8.27,23.6,46.6,6,4.285714285714286
T00034,1,2,1,4,29.818181818181817,58.8,1.0303543814511251,1.1599702582394085,6.697086479564875,51.129190292825875,D03,V03,2026-08-06,22,6.26,29.8,58.8,8,3.6363636363636367
T00035,2,0,0,5,30.546875,54.7,1.0368902674298204,1.262246410175129,4.049594603687612,33.327026570037724,D03,V03,2026-08-03,32,13.38,30.5,54.7,7,2.1875
T00036,1,4,2,2,19.932258064516127,51.2,1.0372005605673627,1.1841397721552973,5.522011285624402,54.57410832986646,D03,V03,2026-08-06,31,19.96,19.9,51.2,9,2.903225806451613
T00037,4,3,2,6,25.37906976744186,68.8,1.02813271459478,1.251519476476495,4.572468178445142,46.07274573975378,D03,V03,2026-08-05,43,18.13,25.4,68.8,15,3.488372093023256
T00038,5,6,0,5,22.025000000000002,52.3,1.018233578713429,1.169466117508327,3.9936064013041106,32.286695402286064,D03,V03,2026-07-31,44,19.77,22.0,52.3,16,3.6363636363636367
T00039,2,3,4,2,22.355999999999998,52.3,1.0168616542713893,1.2707230225348087,7.882012575168183,51.5248017948638,D03,V03,2026-07-31,25,11.92,22.4,52.3,11,4.4
T00040,4,4,2,3,21.806451612903224,49.9,1.049047548860447,1.231839681127378,6.9184362836924915,50.8456389477013,D03,V03,2026-08-06,31,13.65,21.8,49.9,13,4.193548387096774
T00041,1,4,0,3,27.417142857142856,60.1,1.029679941368934,1.223706664196939,3.126528721095188,5.602017493724917,D03,V03,2026-08-03,35,12.38,27.4,60.1,8,2.2857142857142856
T00042,5,6,2,2,21.4625,53.4,1.0202964074029617,1.2164312557641719,4.299358065304892,52.91763978107868,D03,V03,2026-08-04,40,7.88,21.5,53.4,15,3.75
T00043,5,1,2,1,16.351282051282052,47.1,1.0241918340247302,1.177146974680732,5.4475217070881286,46.735243660432545,D03,V03,2026-08-01,39,20.88,16.4,47.1,9,2.307692307692308
T00044,3,2,0,6,32.41111111111111,59.1,1.042267187433185,1.2244088369494888,5.014368074494082,33.5231472269535,D03,V03,2026-08-06,27,9.3,32.4,59.1,11,4.0740740740740735
T00045,5,7,7,3,22.14186046511628,55.4,1.0438763260403061,1.4760745238638868,7.657542839845995,50.590286617096766,D03,V03,2026-08-05,43,13.14,22.1,55.4,22,5.116279069767442
T00046,1,2,0,4,27.977777777777778,48.1,1.0029170335464495,1.1856023785401244,4.017363785619891,31.213913564306544,D04,V04,2026-08-05,45,18.81,28.0,48.1,7,1.5555555555555556
T00047,2,2,2,4,32.381818181818176,50.7,1.0105378184779732,1.117761155166881,4.440458895133281,52.672340939054536,D04,V04,2026-08-05,33,15.2,32.4,50.7,10,3.0303030303030303
T00048,1,1,2,1,23.9125,42.9,1.0215277770065345,1.1679507695104274,4.9705233556052475,50.57668039719491,D04,V04,2026-08-05,32,16.54,23.9,42.9,5,1.5625
T00049,0,1,4,4,29.79375,51.6,1.0206382820545572,1.3085339124378854,6.580323171741992,54.67139379968285,D04,V04,2026-08-02,32,10.78,29.8,51.6,9,2.8125
T00050,0,0,0,0,22.31578947368421,37.6,1.0124790602409224,1.22506897764983,2.8366518150555535,5.235494246009635,D04,V04,2026-07-31,38,10.83,22.3,37.6,0,0.0
T00051,1,0,2,0,15.271052631578947,29.1,1.037980263800708,1.5611358044705785,5.350716418416077,41.24261024717034,D04,V04,2026-08-01,38,12.83,15.3,29.1,3,0.7894736842105263
T00052,0,1,1,0,18.628571428571426,34.8,1.0236393718231505,1.1539696703120061,7.458190320492856,37.045804080894236,D04,V04,2026-08-03,21,7.47,18.6,34.8,2,0.9523809523809523
T00053,1,1,4,0,19.410344827586208,40.6,1.0185296237434016,1.179129339809675,6.142162821693027,46.95580688264232,D04,V04,2026-08-04,29,13.9,19.4,40.6,6,2.0689655172413794
T00054,1,1,2,4,29.747500000000002,50.6,1.0162918784693473,1.1190880215604133,5.834317287635635,52.14023494385119,D04,V04,2026-08-01,40,17.54,29.7,50.6,8,2.0
T00055,2,3,4,3,28.071428571428573,48.8,1.0101394849222773,1.1550177487813769,5.634235016139344,42.32453898154119,D04,V04,2026-08-02,28,13.16,28.1,48.8,12,4.285714285714286
T00056,1,0,4,0,15.95925925925926,32.5,0.9888626070243822,1.071881523303765,6.012290593690512,45.918550717547696,D04,V04,2026-08-04,27,11.73,16.0,32.5,5,1.8518518518518516
T00057,1,1,0,0,28.417241379310347,40.0,1.0216869844314183,1.2101619726301105,3.255770664566137,5.452788277569559,D04,V04,2026-07-31,29,16.38,28.4,40.0,2,0.6896551724137931
T00058,0,0,1,1,25.415,43.6,1.0030481537494675,1.0956121576543407,6.687492414367776,41.88998687037273,D04,V04,2026-08-02,20,9.66,25.4,43.6,2,1.0
T00059,0,0,1,0,26.878125,36.5,1.0037992253433818,1.1235524019822127,6.435968142872806,36.279253024283726,D04,V04,2026-08-03,32,18.54,26.9,36.5,1,0.3125
T00060,2,2,0,1,20.20967741935484,45.7,1.0036310954217436,1.0631288727148744,3.654498074734695,7.6356335689974015,D04,V04,2026-07-31,31,9.64,20.2,45.7,5,1.6129032258064515
T00061,1,1,2,1,33.05714285714286,47.8,1.0063866080761932,1.1031178540845037,3.737050543565355,41.2210977534563,D05,V05,2026-08-05,42,19.04,33.1,47.8,5,1.1904761904761905
T00062,0,0,2,0,23.358536585365854,34.1,0.993322589990292,1.0881066124236174,3.9481713803753795,43.291200029567214,D05,V05,2026-08-04,41,33.4,23.4,34.1,2,0.4878048780487805
T00063,1,0,0,0,18.73111111111111,30.0,1.0052416675677316,1.0737322757559262,3.6995846679665854,32.399953703670626,D05,V05,2026-08-01,45,28.5,18.7,30.0,1,0.22222222222222224
T00064,0,0,2,1,31.734615384615385,42.0,1.0213684695929661,1.2050580898861265,4.6001672679801455,45.50683575024746,D05,V05,2026-08-01,26,17.15,31.7,42.0,3,1.153846153846154
T00065,4,2,0,0,26.488636363636363,37.5,1.0017916837705445,1.0706357924149557,3.356335660190757,6.495205924372221,D05,V05,2026-08-04,44,15.93,26.5,37.5,6,1.3636363636363635
T00066,0,0,0,0,22.113636363636363,30.8,1.0100177430058688,1.0665247301399061,2.951144843152112,6.865427881785664,D05,V05,2026-08-06,22,14.07,22.1,30.8,0,0.0
T00067,2,2,3,0,24.13658536585366,33.0,1.0034465945590674,1.1086938260854526,5.374278843697193,45.485595522099075,D05,V05,2026-08-05,41,12.07,24.1,33.0,7,1.707317073170732
T00068,2,2,1,0,23.788888888888888,34.5,1.0023347931198106,1.0789230741809168,4.679040061488005,45.81520599102442,D05,V05,2026-08-01,27,9.12,23.8,34.5,5,1.8518518518518516
T00069,0,0,0,0,19.18888888888889,24.7,1.0365642063486524,1.6290936130253535,3.065690045056091,8.825893722451001,D05,V05,2026-08-02,27,19.08,19.2,24.7,0,0.0
T00070,0,0,2,0,20.47948717948718,29.7,1.0260591961001397,1.662805761356389,5.387783687293084,41.575634691487274,D05,V05,2026-08-05,39,19.7,20.5,29.7,2,0.5128205128205128
T00071,0,0,0,0,18.400000000000002,25.2,1.0210764128012992,1.4204689366543712,3.340112135774505,7.184712937898077,D05,V05,2026-08-01,27,10.77,18.4,25.2,0,0.0
T00072,0,0,0,0,17.857692307692307,25.7,1.020473569284318,1.5302787327804044,3.302781374904174,9.94247957000667,D05,V05,2026-08-03,26,19.89,17.9,25.7,0,0.0
T00073,0,0,0,0,19.286363636363635,25.9,1.0112440846329767,1.0697915684842538,4.253138089280801,28.816347790794033,D05,V05,2026-08-04,22,13.51,19.3,25.9,0,0.0
T00074,0,0,0,0,26.625,35.0,0.9979107559028261,1.0384685840216834,3.271848171590875,6.877354142400986,D05,V05,2026-08-06,12,7.0,26.6,35.0,0,0.0
T00075,0,0,0,0,20.01219512195122,30.2,1.02095521633655,1.4621347407130438,4.047137206089603,26.334390063185438,D05,V05,2026-08-05,41,19.37,20.0,30.2,0,0.0
T00076,2,1,0,1,21.757894736842108,52.7,1.0240979528914387,1.1748757381102053,4.654789315698771,27.104228452402033,D06,V06,2026-08-04,19,9.64,21.8,52.7,4,2.1052631578947367
T00077,6,4,2,4,23.031578947368423,51.3,1.0203689651287646,1.1849881855951139,4.331937101986466,46.387302141857745,D06,V06,2026-08-01,38,14.71,23.0,51.3,16,4.2105263157894735
T00078,3,4,0,4,28.45,70.0,1.0229275085024327,1.174471796170517,4.278891346111256,32.88897383622663,D06,V06,2026-08-05,30,16.2,28.4,70.0,11,3.6666666666666665
T00079,3,3,0,2,26.11875,58.1,1.0286322431910102,1.283590277308145,4.096882689828629,27.24945137062396,D06,V06,2026-08-03,16,10.56,26.1,58.1,8,5.0
T00080,3,3,2,2,17.73,54.4,1.0243562297424504,1.2480360571714264,5.165477695759958,50.330785807495594,D06,V06,2026-08-02,40,3.39,17.7,54.4,10,2.5
T00081,6,7,4,6,25.672222222222224,58.3,1.0199149110936832,1.1809695169647692,6.22075536139749,44.10781903472444,D06,V06,2026-07-31,36,12.28,25.7,58.3,23,6.388888888888888
T00082,6,9,4,8,24.934883720930234,55.3,1.0239017089928468,1.269501083103122,5.913722134257785,47.46721500151447,D06,V06,2026-08-04,43,13.82,24.9,55.3,27,6.279069767441861
T00083,3,1,6,4,23.333333333333332,48.7,1.009313640640437,1.223792874631978,6.946169050339105,47.700411947906694,D06,V06,2026-08-05,36,17.44,23.3,48.7,14,3.888888888888889
T00084,3,1,0,3,24.25,48.2,1.0102770525026028,1.2353420578932783,4.187228937867522,34.64974891683921,D06,V06,2026-08-06,40,10.42,24.3,48.2,7,1.75
T00085,1,1,4,1,25.380000000000003,49.3,1.0148498225380158,1.0822333389800924,9.969676260288539,54.20178687091414,D06,V06,2026-08-03,20,11.43,25.4,49.3,7,3.5
T00086,2,2,0,10,36.43181818181818,61.3,1.0251965873987423,1.1932744864447575,4.214988059256662,28.04889659148823,D06,V06,2026-08-04,22,12.86,36.4,61.3,14,6.363636363636363
T00087,3,2,7,3,25.522222222222222,49.6,1.014609865373628,1.3727647285678635,7.685404472299818,53.746975728872414,D06,V06,2026-08-05,36,17.77,25.5,49.6,15,4.166666666666667
T00088,7,4,4,9,27.93095238095238,73.6,1.040111636777886,1.2779319230694568,5.689427488842865,50.149650048629454,D06,V06,2026-08-01,42,18.52,27.9,73.6,24,5.7142857142857135
T00089,7,5,0,15,35.81578947368421,63.4,1.0278321061300446,1.2323656113345585,3.9218063830188328,29.998189945395037,D06,V06,2026-08-06,38,17.55,35.8,63.4,27,7.105263157894736
T00090,2,1,2,1,17.357142857142858,44.2,1.0285850977133126,1.1199299085210646,5.8081321262382515,47.54245050478572,D06,V06,2026-08-04,14,26.46,17.4,44.2,6,4.285714285714286
T00091,0,1,2,0,16.213636363636365,34.5,1.021189165512249,1.2365193083813937,4.076777865927507,39.47117175863924,D07,V07,2026-08-02,44,10.44,16.2,34.5,3,0.6818181818181818
T00092,1,1,2,3,30.931707317073172,44.8,1.025752564143854,1.4930766892561147,5.551050069811775,41.94645873014789,D07,V07,2026-08-05,41,16.75,30.9,44.8,7,1.707317073170732
T00093,0,1,2,0,17.396875,30.8,1.002345252490736,1.0891749170817329,5.261842288252251,45.618935761369976,D07,V07,2026-08-03,32,19.64,17.4,30.8,3,0.9375
T00094,2,4,0,5,28.51590909090909,48.6,1.0169094252851119,1.2629069641109751,3.185082905279165,7.175994704568838,D07,V07,2026-08-04,44,25.77,28.5,48.6,11,2.5
T00095,0,0,2,0,18.07857142857143,32.4,1.0447879479400857,1.4822334498991716,5.043040248442078,43.17605818043143,D07,V07,2026-07-31,42,19.42,18.1,32.4,2,0.47619047619047616
T00096,0,1,0,1,31.25625,43.8,1.0057948292857546,1.049459861071399,2.928727891764805,4.917946726022965,D07,V07,2026-08-01,16,6.28,31.3,43.8,2,1.25
T00097,0,0,2,0,21.9625,33.5,1.004987534016961,1.049341221910204,6.782623759760618,53.00963025715233,D07,V07,2026-08-04,16,9.24,22.0,33.5,2,1.25
T00098,2,1,2,0,27.629032258064516,39.9,1.0127103427892237,1.0766652218772557,5.922099918342183,53.351924051527895,D07,V07,2026-08-06,31,9.44,27.6,39.9,5,1.6129032258064515
T00099,0,0,0,5,33.71111111111111,47.6,1.0076250380373584,1.129876099402054,2.725570181041415,4.971820592097024,D07,V07,2026-07-31,18,10.56,33.7,47.6,5,2.7777777777777777
T00100,3,4,2,1,28.35,45.7,1.0144356965176695,1.118700585500875,4.2263465413799315,48.65059609090108,D07,V07,2026-08-05,42,12.41,28.4,45.7,10,2.380952380952381
T00101,2,3,2,1,27.148000000000003,44.1,1.0082974892250343,1.1010885522972256,4.386377746856946,38.78967130564527,D07,V07,2026-08-04,25,14.96,27.1,44.1,8,3.2
T00102,3,2,0,3,28.53,54.4,0.9976887491984876,1.0580373339348663,3.301551005186181,6.167017107159667,D07,V07,2026-08-02,20,11.13,28.5,54.4,8,4.0
T00103,1,1,2,5,30.180555555555557,47.4,1.0138287141489377,1.1173746014654173,4.5440086697518085,46.792783631666964,D07,V07,2026-08-01,36,23.1,30.2,47.4,9,2.5
T00104,0,0,2,0,22.01875,34.0,1.0093591234192152,1.1228570701563045,6.246101217713312,51.983294431961504,D07,V07,2026-08-05,16,11.59,22.0,34.0,2,1.25
T00105,0,0,6,0,17.22820512820513,35.0,1.020325352074397,1.2065740756372978,5.8927602341933145,41.07574101583561,D07,V07,2026-08-04,39,16.29,17.2,35.0,6,1.5384615384615385
T00106,1,1,2,1,26.532432432432433,46.3,1.0250274493538702,1.2355974263488898,4.190319786793029,50.01899039364949,D08,V08,2026-08-01,37,10.51,26.5,46.3,5,1.3513513513513513
T00107,0,2,0,2,25.278787878787877,46.0,0.9945281448149799,1.0478821498622828,4.15737992935431,27.547206754950675,D08,V08,2026-08-04,33,18.92,25.3,46.0,4,1.2121212121212122
T00108,2,1,0,0,21.869230769230768,36.9,1.001240347832276,1.1488089484331152,3.3713381556827167,6.149447129620679,D08,V08,2026-08-03,39,21.96,21.9,36.9,3,0.7692307692307693
T00109,1,1,0,3,29.314999999999998,48.0,0.9981045867437359,1.0868606166385826,2.7637064450167914,5.565689534999235,D08,V08,2026-08-01,20,5.66,29.3,48.0,5,2.5
T00110,0,0,2,0,20.532258064516128,36.4,1.0298553126311611,1.4737482824417474,4.950029535615533,42.00757193649735,D08,V08,2026-08-05,31,9.94,20.5,36.4,2,0.6451612903225806
T00111,1,1,4,0,18.787804878048778,34.4,1.0274407723336973,1.7511827431767364,5.379967835471613,52.290291641948215,D08,V08,2026-08-02,41,12.96,18.8,34.4,6,1.4634146341463414
T00112,1,1,0,0,29.04375,39.8,1.016088355111629,1.1477460520515852,5.387318573908213,31.94088289324514,D08,V08,2026-08-02,16,8.37,29.0,39.8,2,1.25
T00113,2,1,4,0,18.506666666666664,36.9,1.015308849919457,1.1829057443431408,4.7553809934931985,43.38193863810145,D08,V08,2026-08-04,45,29.76,18.5,36.9,7,1.5555555555555556
T00114,1,1,4,0,20.302500000000002,40.3,1.02732308876251,1.2003720256653767,5.066354514738181,50.244523084610925,D08,V08,2026-08-03,40,14.46,20.3,40.3,6,1.5
T00115,1,1,0,0,24.936363636363637,40.4,1.0132915814843957,1.1742389024385114,2.9619384035589316,4.550450527145636,D08,V08,2026-08-05,11,8.99,24.9,40.4,2,1.8181818181818183
T00116,0,0,0,0,25.78,39.8,0.9997422955610119,1.0935648128940507,2.951620993825745,7.75881434241083,D08,V08,2026-08-05,20,19.44,25.8,39.8,0,0.0
T00117,3,2,0,6,29.64358974358974,56.3,1.0204985375130593,1.5644890539725742,4.090166023614303,28.07796645058185,D08,V08,2026-07-31,39,16.03,29.6,56.3,11,2.8205128205128203
T00118,1,0,0,0,26.55625,36.6,1.009430274269347,1.0953597582529677,5.175785282588521,33.9751806470547,D08,V08,2026-08-01,16,11.92,26.6,36.6,1,0.625
T00119,1,1,2,1,27.622857142857143,47.3,1.0481012410773327,1.7833984411790877,4.876679724760782,39.27217590101164,D08,V08,2026-08-06,35,12.23,27.6,47.3,5,1.4285714285714284
T00120,1,1,4,3,24.444186046511625,45.2,1.0146393896892052,1.2034288512413187,4.838298969283347,45.020547531099616,D08,V08,2026-08-03,43,13.03,24.4,45.2,9,2.0930232558139537
T00121,0,1,0,0,23.523076923076925,29.4,1.0176065521836457,1.0740633128451973,3.0053928766072766,5.340880077290633,D09,V09,2026-08-04,13,12.7,23.5,29.4,1,0.7692307692307693
T00122,1,0,0,0,29.6,38.7,1.0204179840149743,1.0557182389255193,2.9219195319688627,4.546713098492141,D09,V09,2026-08-05,11,5.1,29.6,38.7,1,0.9090909090909092
T00123,0,1,0,0,20.734883720930235,31.0,1.0000781431078722,1.1365606011119689,3.5328331283721903,24.680719195355714,D09,V09,2026-08-01,43,18.24,20.7,31.0,1,0.23255813953488372
T00124,0,0,0,0,21.615384615384617,30.0,1.0123140565888546,1.3764737556524644,3.212176179305433,7.544063891564015,D09,V09,2026-08-05,13,10.78,21.6,30.0,0,0.0
T00125,0,0,0,0,23.228571428571428,30.4,1.0166023124160621,1.0734961574220934,3.3878693865658738,5.714840330227958,D09,V09,2026-08-01,14,6.35,23.2,30.4,0,0.0
T00126,1,0,0,0,19.905128205128204,31.7,1.0153011598287631,1.2225256643522866,3.0531734367504484,6.727332309318456,D09,V09,2026-08-04,39,25.93,19.9,31.7,1,0.2564102564102564
T00127,0,0,0,0,24.096153846153847,34.7,1.0055694930460615,1.1713411117176755,3.2397027096945807,5.854434216899187,D09,V09,2026-08-05,26,17.56,24.1,34.7,0,0.0
T00128,0,0,0,0,31.0,38.4,0.9986484493216631,1.0656293914865524,3.366624237607061,6.619410849917084,D09,V09,2026-08-06,25,16.75,31.0,38.4,0,0.0
T00129,2,1,0,0,27.697058823529414,38.7,1.0296183209756389,1.7604158599603674,3.400498784193315,6.863774471819423,D09,V09,2026-08-02,34,26.33,27.7,38.7,3,0.8823529411764707
T00130,3,2,0,0,27.84333333333333,39.4,0.9996380609265859,1.0383823958446137,2.9344954521905326,5.303319715046416,D09,V09,2026-08-04,30,21.87,27.8,39.4,5,1.6666666666666665
T00131,1,0,2,0,24.18235294117647,30.0,1.0116326606885848,1.1827269338270774,4.614326337207261,52.66760294526418,D09,V09,2026-08-01,34,12.8,24.2,30.0,3,0.8823529411764707
T00132,2,1,1,0,30.997368421052634,40.7,0.9980431687167156,1.0938272258451058,3.9906929882100344,34.49132934521371,D09,V09,2026-08-03,38,17.92,31.0,40.7,4,1.0526315789473684
T00133,0,0,0,0,23.361538461538462,32.5,1.0048810508404284,1.0816644581384747,3.377356382251502,5.7788666708966385,D09,V09,2026-08-01,13,8.4,23.4,32.5,0,0.0
T00134,2,1,0,0,28.565853658536586,39.5,1.0188851986527563,1.254005582124737,2.946829259181044,5.9020335478545025,D09,V09,2026-08-02,41,26.77,28.6,39.5,3,0.7317073170731707
T00135,1,2,0,0,29.272727272727273,38.0,1.0178070930461154,1.470599877600974,4.959813023935224,30.251386745073358,D09,V09,2026-08-06,22,12.36,29.3,38.0,3,1.3636363636363635
T00136,1,1,0,0,21.48108108108108,38.9,1.0410778762570976,1.4970437535356138,3.4021798712711115,13.100877833183548,D10,V10,2026-08-02,37,18.61,21.5,38.9,2,0.5405405405405406
T00137,1,0,2,0,17.845238095238095,39.7,1.050914578982218,1.660102406479793,4.7245842606603174,55.000745449493685,D10,V10,2026-08-03,42,21.89,17.8,39.7,3,0.7142857142857142
T00138,1,2,0,0,16.851282051282052,34.8,1.0076694712601584,1.10974771907853,3.0950756144914076,6.272296230249333,D10,V10,2026-08-01,39,25.16,16.9,34.8,3,0.7692307692307693
T00139,0,0,0,0,21.18,31.6,1.0237484819034897,1.2629948535128717,3.149178077653967,6.398601409683213,D10,V10,2026-08-05,15,7.31,21.2,31.6,0,0.0
T00140,0,0,2,0,20.515384615384615,36.6,1.0126904410946982,1.0849428556380285,6.752270579899447,48.8727296147862,D10,V10,2026-08-01,13,5.75,20.5,36.6,2,1.5384615384615385
T00141,3,1,0,0,19.799999999999997,38.4,1.0041790496136704,1.0878837254045122,3.404122210871658,6.867466781863601,D10,V10,2026-08-03,26,16.08,19.8,38.4,4,1.5384615384615385
T00142,0,0,0,0,19.13,33.8,1.0828785024482055,1.78816833659474,4.451644089277311,17.967250763541983,D10,V10,2026-08-01,30,11.83,19.1,33.8,0,0.0
T00143,1,1,2,0,23.2375,38.2,1.0263993285056086,1.6612408013289344,4.791673114457237,49.87599623065188,D10,V10,2026-08-06,40,18.61,23.2,38.2,4,1.0
T00144,0,0,6,0,16.905,34.2,1.0423296563580382,1.613270591066483,7.129098904547412,51.29644627067259,D10,V10,2026-08-01,40,5.92,16.9,34.2,6,1.5
T00145,0,1,0,0,21.105555555555554,41.0,1.010941245749778,1.1086054302591162,4.1906855260029126,31.294144819758216,D10,V10,2026-08-04,36,8.56,21.1,41.0,1,0.2777777777777778
T00146,1,3,4,3,26.555172413793105,46.6,1.0054940722572177,1.242627458251265,5.835055176849617,42.42748873077453,D10,V10,2026-07-31,29,15.6,26.6,46.6,11,3.793103448275862
T00147,3,2,2,2,28.154838709677417,48.4,1.0203103823849413,1.2189876947697216,4.310952115456676,46.97041302777739,D10,V10,2026-08-05,31,8.73,28.2,48.4,9,2.903225806451613
T00148,0,0,0,0,18.092307692307692,25.2,1.0251643139681585,1.2253477057553908,3.304476925623398,5.457554397346855,D10,V10,2026-08-05,13,3.01,18.1,25.2,0,0.0
T00149,1,1,4,0,18.302272727272726,35.3,1.0127681180686812,1.0912671533588831,5.378345425092852,48.89029146977956,D10,V10,2026-08-01,44,16.59,18.3,35.3,6,1.3636363636363635
T00150,1,2,2,8,32.808571428571426,56.7,1.010891288248644,1.1019283098278219,4.7795956624787115,41.55987487950367,D10,V10,2026-08-02,35,19.61,32.8,56.7,13,3.7142857142857144
T00151,0,0,0,0,23.27567567567568,33.3,1.0084169428268956,1.1123156026955658,3.0909494104702175,5.8750829781374145,D11,V11,2026-08-02,37,15.79,23.3,33.3,0,0.0
T00152,0,0,0,0,18.37272727272727,23.1,1.0044826755607021,1.0733172876647428,3.3779269119293436,6.591919295622483,D11,V11,2026-08-05,11,5.72,18.4,23.1,0,0.0
T00153,0,0,0,0,31.315384615384616,37.7,1.0022364809906177,1.0653173236177096,2.8560610334943743,6.379247604537701,D11,V11,2026-08-03,13,6.87,31.3,37.7,0,0.0
T00154,0,0,2,0,29.430303030303033,36.6,1.009254977924442,1.1341344717448634,4.73705148427394,52.30825747432235,D11,V11,2026-07-31,33,11.89,29.4,36.6,2,0.6060606060606061
T00155,1,1,2,0,29.86060606060606,38.0,1.0052403820662539,1.1141027780236437,4.687916439221395,53.482829020163095,D11,V11,2026-08-04,33,13.31,29.9,38.0,4,1.2121212121212122
T00156,1,1,0,0,22.5625,31.9,1.0039262068894186,1.0568585525035978,3.043233947901297,6.066539375953972,D11,V11,2026-08-04,32,14.27,22.6,31.9,2,0.625
T00157,1,1,0,0,27.24814814814815,39.1,1.0197408913697712,1.2829945440258115,2.8682104751467423,5.925681395417746,D11,V11,2026-08-04,27,16.74,27.2,39.1,2,0.7407407407407407
T00158,2,2,0,0,28.132432432432434,39.9,1.005923062309036,1.0660642569751602,4.1898056101537655,31.895988776020097,D11,V11,2026-07-31,37,21.35,28.1,39.9,4,1.0810810810810811
T00159,0,0,0,0,24.108333333333334,38.9,1.0077982202742388,1.0528029255278502,2.8780337280100134,5.793694848712693,D11,V11,2026-07-31,12,18.95,24.1,38.9,0,0.0
T00160,0,1,0,0,30.836,39.3,0.9999991142950965,1.057025070658213,3.2600581974493177,5.367634488301154,D11,V11,2026-07-31,25,13.77,30.8,39.3,1,0.4
T00161,0,0,0,0,15.994117647058822,26.6,1.0025409832143075,1.0551777101512332,3.147885187925494,5.916062879990374,D11,V11,2026-08-04,17,10.55,16.0,26.6,0,0.0
T00162,0,0,0,0,28.263636363636362,37.0,1.0486181615718606,1.6633574480549873,5.253689635056109,15.295241089959974,D11,V11,2026-08-01,11,6.22,28.3,37.0,0,0.0
T00163,0,0,0,0,17.953333333333333,27.4,1.0250743228290502,1.38368710335827,3.4776115983419618,5.786968118108134,D11,V11,2026-08-05,30,19.31,18.0,27.4,0,0.0
T00164,1,0,0,0,24.345454545454547,32.2,0.9847210865374663,1.049788550137598,3.9366282266652943,6.366835948883873,D11,V11,2026-08-01,11,4.73,24.3,32.2,1,0.9090909090909092
T00165,2,2,2,0,27.360714285714288,41.6,1.0078658338057622,1.0684764854689128,4.753418612709631,52.58294590454209,D11,V11,2026-08-04,28,17.96,27.4,41.6,6,2.142857142857143
T00166,1,2,0,1,24.125,47.7,1.0131975454252524,1.243490651352072,3.039114602557918,5.452797447182501,D12,V12,2026-07-31,36,12.8,24.1,47.7,4,1.1111111111111112
T00167,2,2,2,1,25.16923076923077,64.5,1.0844679420322476,1.3523169007300027,6.422469771501557,43.22590195704423,D12,V12,2026-08-06,13,7.07,25.2,64.5,7,5.384615384615384
T00168,4,1,0,1,14.26923076923077,46.5,1.0227315282519776,1.2761669169822574,4.037837759098354,30.97188079532788,D12,V12,2026-08-03,39,19.61,14.3,46.5,6,1.5384615384615385
T00169,2,4,4,3,25.575,54.6,1.0370223936828096,1.234552550521848,7.994931562888787,39.09962915425158,D12,V12,2026-08-01,16,5.81,25.6,54.6,13,8.125
T00170,2,3,8,5,27.675,51.0,1.008662883369064,1.2939095795301925,7.855694732577246,56.53298948401721,D12,V12,2026-08-04,44,13.13,27.7,51.0,18,4.090909090909091
T00171,1,1,0,2,30.306666666666665,48.9,1.03432189398836,1.1177267107839912,3.160463597952043,7.578482697743659,D12,V12,2026-08-01,15,6.54,30.3,48.9,4,2.6666666666666665
T00172,1,2,5,1,20.95909090909091,48.7,1.006507992996049,1.1431701535642014,8.55413044273253,49.30036511020988,D12,V12,2026-08-02,22,10.84,21.0,48.7,9,4.090909090909091
T00173,1,0,2,4,29.753333333333334,45.4,1.0213099403317234,1.1700474349358663,5.6077653538881025,39.34317857011556,D12,V12,2026-07-31,15,7.81,29.8,45.4,7,4.666666666666667
T00174,4,3,0,3,24.7,53.1,1.0490200732680275,1.3441257381658904,3.0223294640184406,6.761856254017827,D12,V12,2026-08-03,27,12.44,24.7,53.1,10,3.7037037037037033
T00175,1,1,2,0,24.138461538461538,34.8,1.0250956523889856,1.193693846846837,7.127575120304621,54.18756499419401,D12,V12,2026-08-03,13,16.02,24.1,34.8,4,3.076923076923077
T00176,0,1,2,0,25.65,40.7,1.0244547395667853,1.2841362856021163,8.843413291361566,53.11912932268374,D12,V12,2026-08-02,10,9.34,25.6,40.7,3,3.0
T00177,1,2,0,3,25.259999999999998,46.2,0.9989333492888599,1.147836225251669,3.3111117916938015,6.522767817422294,D12,V12,2026-08-02,20,13.08,25.3,46.2,6,3.0
T00178,4,3,2,1,17.587804878048782,52.4,1.0450963680328957,1.8057067868289136,5.0216356458711715,48.67810698866586,D12,V12,2026-08-03,41,10.35,17.6,52.4,10,2.4390243902439024
T00179,3,1,2,8,34.68571428571428,63.7,1.0467651200268844,1.598866473474255,5.440631630264318,44.272169587676636,D12,V12,2026-08-02,21,9.38,34.7,63.7,14,6.666666666666666
T00180,1,2,0,1,22.289285714285715,48.8,1.0310209985104395,1.1797686213830236,4.439221250516291,35.220320838970224,D12,V12,2026-08-05,28,14.63,22.3,48.8,4,1.4285714285714284
T00181,1,5,4,0,23.073170731707318,40.7,1.0365416741310944,1.6066013817994806,6.4770694311154084,50.99825193082602,D13,V13,2026-08-06,41,13.59,23.1,40.7,10,2.4390243902439024
T00182,0,1,0,0,16.928571428571427,32.2,1.0272587241320552,1.6408260114954296,3.6119117039302515,8.28977080503436,D13,V13,2026-07-31,35,17.59,16.9,32.2,1,0.2857142857142857
T00183,0,0,0,0,17.535999999999998,31.7,1.0264935943074607,1.5930109855239545,3.2468895873943087,8.226961772124628,D13,V13,2026-07-31,25,13.92,17.5,31.7,0,0.0
T00184,1,2,2,2,26.75925925925926,43.8,1.002883175822549,1.066176814604407,5.388934821041499,50.33770952278223,D13,V13,2026-08-03,27,13.15,26.8,43.8,7,2.5925925925925926
T00185,0,2,0,0,26.546875,40.9,1.012449750717416,1.2740239401204358,3.023598136314954,6.986308037869501,D13,V13,2026-08-02,32,14.95,26.5,40.9,2,0.625
T00186,4,3,2,6,32.86,61.8,1.0194735529907848,1.1600879277020342,4.115635456301475,46.568896272082725,D13,V13,2026-08-04,40,15.28,32.9,61.8,15,3.75
T00187,0,0,4,0,18.974999999999998,34.1,1.004325487947976,1.07731935840771,11.245898380096301,54.11048881686433,D13,V13,2026-08-03,12,5.61,19.0,34.1,4,3.333333333333333
T00188,1,1,4,1,27.166666666666668,47.2,1.0159082729757458,1.122102490862577,7.86884516969363,50.110743359084196,D13,V13,2026-08-06,21,7.91,27.2,47.2,7,3.333333333333333
T00189,0,1,2,0,20.930769230769233,40.2,1.0145671546572403,1.298111705516902,5.379145406514785,55.290981181382556,D13,V13,2026-08-06,26,10.33,20.9,40.2,3,1.153846153846154
T00190,0,0,0,0,34.6,40.9,1.0478333527550043,1.7158336166423596,3.972952445701402,12.627988755142285,D13,V13,2026-07-31,14,11.21,34.6,40.9,0,0.0
T00191,0,1,2,1,21.645454545454545,43.0,1.0138359922180238,1.110697528582827,5.081737723351224,45.26247894227624,D13,V13,2026-08-03,22,9.64,21.6,43.0,4,1.8181818181818183
T00192,3,3,0,4,28.677777777777777,48.6,1.0130704350493298,1.2221129244059241,3.503087957369794,25.800887581631763,D13,V13,2026-08-02,45,27.12,28.7,48.6,10,2.2222222222222223
T00193,2,2,0,0,23.157142857142855,37.3,1.0160720489157717,1.2536749977565955,3.3556434902955923,5.312494705879716,D13,V13,2026-08-02,28,13.45,23.2,37.3,4,1.4285714285714284
T00194,1,1,0,0,17.68846153846154,34.6,1.0374183636469843,1.7701742852047082,5.074806288006273,30.47439252881015,D13,V13,2026-08-04,26,17.99,17.7,34.6,2,0.7692307692307693
T00195,2,2,2,5,27.835135135135136,47.6,1.065607259113412,1.7793296490532606,4.559505124833738,41.95884054642121,D13,V13,2026-07-31,37,9.88,27.8,47.6,11,2.9729729729729732
T00196,4,6,4,2,22.633333333333333,63.1,1.0580995703775968,1.5988721024522257,5.9864859021029275,38.51694821763531,D14,V14,2026-07-31,33,5.98,22.6,63.1,16,4.848484848484849
T00197,3,4,0,3,26.689999999999998,58.6,1.088432374546488,1.7015084484068834,3.814991969248814,7.005405056097755,D14,V14,2026-08-05,10,4.83,26.7,58.6,10,10.0
T00198,5,3,3,4,19.488235294117647,51.1,1.0585741159081743,1.9676384322329141,5.4741043921135555,50.0227798108022,D14,V14,2026-08-02,34,8.37,19.5,51.1,15,4.411764705882353
T00199,0,1,2,1,25.330000000000002,43.6,1.043162294339479,1.2814722002447028,6.603185030318443,44.98827625059666,D14,V14,2026-08-01,10,2.67,25.3,43.6,4,4.0
T00200,4,3,2,2,23.416666666666668,57.9,1.0253160809781035,1.2059830015385788,5.656512696147109,47.957786646174576,D14,V14,2026-08-01,30,16.72,23.4,57.9,11,3.6666666666666665
T00201,5,5,4,6,29.440625,60.5,1.0733920169157456,1.3234881941294376,6.726676007052224,49.584669001617826,D14,V14,2026-08-05,32,9.17,29.4,60.5,20,6.25
T00202,2,4,0,6,28.31111111111111,52.0,1.034625297951148,1.329695077827996,3.283700075848648,8.595842018092236,D14,V14,2026-08-03,45,23.69,28.3,52.0,12,2.6666666666666665
T00203,0,1,2,1,23.7,47.8,1.0344136960679733,1.145128813714859,5.912916062135183,37.28128082563688,D14,V14,2026-08-06,10,4.03,23.7,47.8,4,4.0
T00204,5,7,3,8,31.625,65.5,1.044217722133096,1.241523257937603,5.759290414058026,47.49088965264812,D14,V14,2026-08-05,32,15.46,31.6,65.5,23,7.1875
T00205,2,1,1,1,21.05,44.1,1.03354601583403,1.2162734067634628,6.576130205387486,50.0626347688573,D14,V14,2026-08-05,20,13.49,21.0,44.1,5,2.5
T00206,5,5,0,5,22.013953488372092,60.3,1.027490374901256,1.199477386197839,5.132396519746116,33.39303669928807,D14,V14,2026-07-31,43,18.53,22.0,60.3,15,3.488372093023256
T00207,7,4,4,7,30.924444444444443,61.2,1.0099554602125538,1.1493132732201432,4.840613814452241,48.70600476327328,D14,V14,2026-07-31,45,13.04,30.9,61.2,22,4.888888888888888
T00208,3,3,0,3,19.011363636363637,44.8,1.0155516383780074,1.249457882443422,3.431993829261272,6.446161648609194,D14,V14,2026-07-31,44,14.23,19.0,44.8,9,2.0454545454545454
T00209,2,3,3,6,33.017391304347825,62.6,1.0343148224312892,1.1843656529974178,5.995166950488779,47.70693555448726,D14,V14,2026-08-05,23,6.0,33.0,62.6,14,6.086956521739131
T00210,3,3,0,2,25.0,55.3,1.0151052657086137,1.1089247043870922,3.092824562034053,5.455813413231797,D14,V14,2026-07-31,15,8.02,25.0,55.3,8,5.333333333333333
T00211,1,4,2,3,24.686666666666667,48.7,1.0015621266265347,1.1062391242403244,5.937374330578957,43.66820124529977,D15,V15,2026-08-04,15,5.9,24.7,48.7,10,6.666666666666666
T00212,0,0,2,0,17.372,30.9,1.0138931748962807,1.1377301964877262,5.616803580984042,38.58979139617109,D15,V15,2026-08-03,25,13.7,17.4,30.9,2,0.8
T00213,3,3,1,3,29.709375,52.5,1.0338115471909874,1.4552020478270362,5.318775467602673,47.26361285386464,D15,V15,2026-08-03,32,27.34,29.7,52.5,10,3.125
T00214,0,1,2,1,21.054761904761904,42.9,1.0083358718369373,1.1808683245815343,5.3654653962152805,47.0004265938087,D15,V15,2026-08-05,42,29.08,21.1,42.9,4,0.9523809523809523
T00215,0,0,0,1,24.768181818181816,42.4,1.0294746289015249,1.6708689356140414,4.097826296022339,22.738656512643836,D15,V15,2026-08-05,22,15.83,24.8,42.4,1,0.4545454545454546
T00216,1,3,0,4,26.064444444444447,46.9,1.0312756086676844,1.6830561487959932,5.430148161521714,35.51149391394285,D15,V15,2026-08-05,45,15.39,26.1,46.9,8,1.777777777777778
T00217,2,1,2,0,19.152380952380952,36.0,1.0377732886357756,1.6123662735247226,6.039404649057152,46.93357114049601,D15,V15,2026-08-04,42,18.22,19.2,36.0,5,1.1904761904761905
T00218,0,0,4,0,18.614814814814817,29.6,1.0462381212459773,1.5680261477411657,6.347778144523704,47.911639504404356,D15,V15,2026-08-02,27,10.93,18.6,29.6,4,1.4814814814814814
T00219,2,2,5,0,16.90714285714286,38.8,1.0116002036047016,1.5094005432621256,6.413692619856725,45.84539889672681,D15,V15,2026-08-04,42,15.24,16.9,38.8,9,2.142857142857143
T00220,1,0,0,1,19.621951219512194,45.0,1.0125712363281543,1.489021490778424,4.047069188466392,31.857291159167946,D15,V15,2026-08-05,41,9.42,19.6,45.0,2,0.4878048780487805
T00221,1,0,0,0,18.107692307692307,30.0,0.9853596894915958,1.0657846874486423,5.634566564008042,34.230280454591664,D15,V15,2026-08-02,13,11.28,18.1,30.0,1,0.7692307692307693
T00222,4,2,0,3,28.80277777777778,45.2,1.00805771442272,1.2562694774609466,3.920051430445587,27.80181828586037,D15,V15,2026-08-04,36,16.74,28.8,45.2,9,2.5
T00223,1,0,2,1,24.946153846153845,46.7,1.016462256626076,1.2249706118923833,4.159547636052173,46.51110620056246,D15,V15,2026-08-02,39,17.99,24.9,46.7,4,1.0256410256410255
T00224,0,0,2,0,18.23846153846154,26.3,1.0260459748491477,1.219675776589828,6.064502580981147,37.1500417227222,D15,V15,2026-08-03,13,7.79,18.2,26.3,2,1.5384615384615385
T00225,4,3,5,4,30.1,46.2,1.0076885390649244,1.322709718721383,6.359770785146395,49.4796220680797,D15,V15,2026-07-31,45,20.93,30.1,46.2,16,3.555555555555556
T00226,0,0,4,0,28.957575757575757,36.4,1.0028812011655523,1.0982754663562326,6.1426922741648955,43.84843896879341,D16,V16,2026-08-03,33,13.75,29.0,36.4,4,1.2121212121212122
T00227,0,0,0,0,20.00681818181818,35.0,0.9959715182800715,1.095540505869135,3.56348725637898,30.831759599477937,D16,V16,2026-08-04,44,17.6,20.0,35.0,0,0.0
T00228,1,1,0,0,27.70384615384615,33.1,1.0176360914815208,1.1000813606274764,3.7899474046809427,6.361682167477404,D16,V16,2026-07-31,26,15.45,27.7,33.1,2,0.7692307692307693
T00229,0,0,0,0,22.071428571428573,34.0,0.9905117458294076,1.088105693395637,2.971444942912077,5.064602649764343,D16,V16,2026-08-03,21,6.41,22.1,34.0,0,0.0
T00230,2,2,4,0,28.737142857142857,39.9,1.0154359934626611,1.597854811927542,7.516363043552523,45.53900086738838,D16,V16,2026-07-31,35,20.13,28.7,39.9,8,2.2857142857142856
T00231,0,0,0,0,20.418518518518518,27.7,1.0096587737837965,1.0928293553890287,3.3039376828798104,6.178074133579169,D16,V16,2026-08-03,27,10.89,20.4,27.7,0,0.0
T00232,0,0,0,0,23.741666666666664,33.6,1.025334762570557,1.7148311870268746,4.283047520923794,20.128611477198323,D16,V16,2026-08-02,24,16.32,23.7,33.6,0,0.0
T00233,0,0,0,0,27.400000000000002,38.5,1.0432776925094884,1.730640921739689,3.5055250613993074,7.836006636035985,D16,V16,2026-08-06,17,6.13,27.4,38.5,0,0.0
T00234,2,1,2,0,24.565116279069766,37.5,1.0095602949020275,1.2292603467126075,3.9929813571655894,42.66736106205773,D16,V16,2026-08-04,43,30.63,24.6,37.5,5,1.1627906976744187
T00235,1,0,2,0,30.687179487179485,39.6,1.0181144978975618,1.1661736577371313,4.027029159115182,37.568026298968654,D16,V16,2026-08-01,39,15.57,30.7,39.6,3,0.7692307692307693
T00236,4,3,0,0,28.52162162162162,37.9,1.0128713114347425,1.2161040251557431,2.958206838378404,6.165070964717275,D16,V16,2026-07-31,37,19.49,28.5,37.9,7,1.891891891891892
T00237,1,1,0,0,28.305,39.4,1.0047635253708704,1.0728625261420963,4.6831508019266845,30.58072759108259,D16,V16,2026-08-01,20,7.56,28.3,39.4,2,1.0
T00238,1,1,0,0,29.715999999999998,36.1,1.013939667139089,1.2468416098286101,3.336354347335087,5.812856440683874,D16,V16,2026-08-03,25,14.04,29.7,36.1,2,0.8
T00239,0,0,0,0,17.203703703703702,28.8,1.0085430073307842,1.082098886423972,3.673042547602597,7.033761440367451,D16,V16,2026-08-03,27,10.67,17.2,28.8,0,0.0
T00240,0,0,1,0,19.541463414634148,28.0,1.022686064214575,1.275749975504605,4.378070379569154,46.14554908114108,D16,V16,2026-08-01,41,27.28,19.5,28.0,1,0.24390243902439024
T00241,0,0,2,0,19.446666666666665,32.9,1.0310399695591468,1.732478571296049,6.752141179074832,49.62048568887652,D17,V17,2026-08-03,30,13.13,19.4,32.9,2,0.6666666666666666
T00242,2,0,0,1,25.56,45.0,1.005663378823757,1.1984047730212026,3.895714794039489,26.2578083624662,D17,V17,2026-08-04,30,18.11,25.6,45.0,3,1.0
T00243,1,1,1,1,27.37027027027027,52.0,1.0312226470639831,1.7812282279371163,4.718318224529682,36.49870682640688,D17,V17,2026-08-05,37,24.36,27.4,52.0,4,1.0810810810810811
T00244,1,2,2,1,27.3969696969697,48.0,1.0252315511436287,1.1869372350718466,4.100437168586489,38.5217276351931,D17,V17,2026-08-06,33,20.93,27.4,48.0,6,1.8181818181818183
T00245,2,2,4,1,26.96153846153846,44.7,1.024159219989686,1.270566015600921,7.417249536869392,53.774415849918825,D17,V17,2026-08-04,39,14.98,27.0,44.7,9,2.307692307692308
T00246,5,2,0,2,27.968181818181815,45.2,1.0136348271290474,1.105208125196336,4.401082105956718,35.37513392200799,D17,V17,2026-08-04,44,28.62,28.0,45.2,9,2.0454545454545454
T00247,1,2,2,7,31.625925925925927,49.6,1.0173116452955588,1.2094250700229427,4.71746262777945,45.763795734182715,D17,V17,2026-08-05,27,9.65,31.6,49.6,12,4.444444444444445
T00248,0,0,0,0,24.835483870967742,38.0,1.020953627883716,1.2704857338829114,4.20087461236973,29.408891512602104,D17,V17,2026-07-31,31,17.34,24.8,38.0,0,0.0
T00249,0,0,2,1,28.23846153846154,44.5,1.0591885798669762,1.2252611966433933,6.0546627755648625,41.405009358772034,D17,V17,2026-07-31,13,6.67,28.2,44.5,3,2.307692307692308
T00250,1,1,0,2,25.07272727272727,48.3,1.0162488824039384,1.3276445307385558,3.229344784928771,6.226371334894829,D17,V17,2026-07-31,33,14.64,25.1,48.3,4,1.2121212121212122
T00251,0,0,1,0,21.646153846153844,38.0,1.0278306079881696,1.1370052770326091,7.055503067360452,50.55272594034865,D17,V17,2026-08-01,13,3.82,21.6,38.0,1,0.7692307692307693
T00252,0,1,2,1,25.306818181818183,42.7,1.0139189496332806,1.187340305051589,3.82090332803771,43.99127640794252,D17,V17,2026-08-02,44,18.93,25.3,42.7,4,0.9090909090909092
T00253,1,2,0,0,20.138709677419353,39.4,1.0108148567069288,1.1114175632947323,3.3777795147612513,7.224416931490043,D17,V17,2026-07-31,31,19.45,20.1,39.4,3,0.967741935483871
T00254,0,0,0,0,18.075,35.2,1.0195433293202047,1.185124887933757,3.0821050607157177,6.720483613550441,D17,V17,2026-08-02,12,5.77,18.1,35.2,0,0.0
T00255,2,1,0,2,29.323809523809523,42.8,1.016908049001621,1.0869199602546638,4.064001655226174,32.79706541750344,D17,V17,2026-08-05,21,9.18,29.3,42.8,5,2.380952380952381
T00256,0,0,2,0,21.092,27.7,1.0136532304815675,1.0569910122607475,4.887136760338907,42.32358444177431,D18,V18,2026-07-31,25,17.39,21.1,27.7,2,0.8
T00257,0,0,0,0,21.62777777777778,30.3,1.007390417212167,1.0858439114347882,3.507075687219487,5.9521508717437595,D18,V18,2026-08-05,18,10.19,21.6,30.3,0,0.0
T00258,0,0,0,0,24.442105263157895,32.6,1.0346844959203658,1.6492522548112523,3.652954190182611,5.4857087053543045,D18,V18,2026-07-31,19,9.49,24.4,32.6,0,0.0
T00259,2,1,0,0,20.133333333333333,32.2,1.0095429117421508,1.077868730412011,3.088059940110108,5.511025312952209,D18,V18,2026-08-06,39,24.03,20.1,32.2,3,0.7692307692307693
T00260,1,0,1,0,27.531428571428574,35.0,1.0316158919320193,1.4989959973262104,5.228974183160649,45.41518908911422,D18,V18,2026-08-05,35,18.03,27.5,35.0,2,0.5714285714285714
T00261,1,1,2,0,31.053571428571427,39.1,1.003282456805389,1.0899403653411501,5.138860963016755,51.06629612572269,D18,V18,2026-08-01,28,16.32,31.1,39.1,4,1.4285714285714284
T00262,0,0,0,0,18.760526315789473,25.6,1.0080081627390345,1.1127717645591122,4.705720044182699,36.25175995727656,D18,V18,2026-08-04,38,21.74,18.8,25.6,0,0.0
T00263,1,1,0,0,30.396,38.1,1.0128675903732471,1.172345938705807,3.08569197481714,6.814939471484688,D18,V18,2026-08-05,25,12.79,30.4,38.1,2,0.8
T00264,0,0,0,0,28.48125,35.0,0.9807433199238819,1.0616694400801032,3.148887402845695,7.500653304879515,D18,V18,2026-08-01,16,9.06,28.5,35.0,0,0.0
T00265,0,0,0,0,23.904761904761905,29.1,1.0117981744399032,1.2579813194161509,2.9686332100564408,5.862772381732042,D18,V18,2026-08-03,21,7.15,23.9,29.1,0,0.0
T00266,0,0,0,0,31.963636363636365,39.3,1.0137315393724566,1.0576544804424555,3.649865272887128,7.8909821948855,D18,V18,2026-07-31,11,8.56,32.0,39.3,0,0.0
T00267,1,1,4,0,24.424,35.0,1.0145324918914307,1.1151434885251312,6.65301302040756,54.995481632585054,D18,V18,2026-08-05,25,10.82,24.4,35.0,6,2.4
T00268,0,0,0,0,22.18125,27.0,1.0104513033481768,1.134536469224326,3.137998025401977,6.1773780845922,D18,V18,2026-08-06,16,4.81,22.2,27.0,0,0.0
T00269,0,0,0,0,31.877500000000005,40.1,1.0175589907648395,1.1749953191396125,4.170205563981527,29.762864445479707,D18,V18,2026-08-01,40,10.24,31.9,40.1,0,0.0
T00270,0,0,0,0,20.990909090909092,31.8,1.004277628526326,1.2168894773150107,2.98156641889141,6.256085037785212,D18,V18,2026-08-05,44,13.13,21.0,31.8,0,0.0
T00271,4,4,2,5,22.90909090909091,54.4,1.0038350169523838,1.1244598703377546,4.357158712228044,47.76106154599163,D19,V19,2026-08-06,33,15.68,22.9,54.4,15,4.545454545454545
T00272,0,0,0,0,19.873333333333335,33.4,1.0435214987388692,1.2262218396358793,3.080238617068326,5.574486523438728,D19,V19,2026-08-02,15,8.79,19.9,33.4,0,0.0
T00273,6,7,6,10,28.05111111111111,53.2,1.052265277436053,1.482372760138286,6.135203033781199,52.62675080222985,D19,V19,2026-07-31,45,2.29,28.1,53.2,29,6.444444444444445
T00274,7,4,0,4,17.010526315789473,46.6,1.015881337985221,1.120477130511819,3.2578084641207488,6.083272145811003,D19,V19,2026-08-02,38,13.42,17.0,46.6,15,3.947368421052632
T00275,0,2,2,1,18.52,44.3,1.112755208495051,1.8790348586441923,6.382860686105132,49.06998675361549,D19,V19,2026-07-31,15,7.19,18.5,44.3,5,3.333333333333333
T00276,2,4,3,14,32.360975609756096,59.1,1.0604209031597422,1.6710748038313545,5.787090420477927,50.64836522534562,D19,V19,2026-08-01,41,18.11,32.4,59.1,23,5.609756097560976
T00277,2,2,2,2,26.50769230769231,54.9,1.0959519692169588,1.6885558918792116,7.7434270150529,49.53219155256509,D19,V19,2026-07-31,13,7.32,26.5,54.9,8,6.153846153846154
T00278,1,2,2,3,29.80909090909091,57.8,1.1723251249674378,1.690517376426519,9.909772824105081,41.077936900482236,D19,V19,2026-08-06,11,5.63,29.8,57.8,8,7.272727272727273
T00279,0,4,2,1,18.894117647058824,46.8,1.012305263121885,1.1778527072601226,4.819550332896587,36.14895987438643,D19,V19,2026-08-01,17,10.28,18.9,46.8,7,4.117647058823529
T00280,1,2,0,1,25.860000000000003,50.5,1.0178359636867875,1.1412361718767943,5.9073428704872954,32.99144434546629,D19,V19,2026-08-02,10,4.99,25.9,50.5,4,4.0
T00281,0,0,2,0,15.992307692307692,36.6,1.0054130956709026,1.1027093905467569,7.8657488492935475,39.65141359396913,D19,V19,2026-08-06,13,4.37,16.0,36.6,2,1.5384615384615385
T00282,0,1,1,2,33.44,58.6,1.0982467967967224,1.7095300523828179,7.634956561082544,39.952063776480934,D19,V19,2026-08-02,10,4.61,33.4,58.6,4,4.0
T00283,3,7,2,5,23.129545454545454,48.7,1.0381672855741817,1.6793123592709012,4.723358319143111,39.93613651819615,D19,V19,2026-08-02,44,20.12,23.1,48.7,17,3.8636363636363633
T00284,2,3,3,2,21.706666666666667,63.3,1.0564090672689235,1.5776774068230806,9.466176416963227,51.967268544729194,D19,V19,2026-08-06,15,7.82,21.7,63.3,10,6.666666666666666
T00285,2,1,0,5,34.455555555555556,58.8,1.0048983263042253,1.1363753781211559,4.159445097305995,29.714301270600327,D19,V19,2026-08-06,18,5.69,34.5,58.8,8,4.444444444444445
T00286,1,1,2,0,22.653846153846153,40.1,1.0083238348057721,1.0584233557513743,5.931076691061221,40.604186976222046,D20,V20,2026-08-04,13,6.86,22.7,40.1,4,3.076923076923077
T00287,1,1,0,2,31.2,44.6,1.0104026929328942,1.1559589093043057,4.754850843591693,26.111794270022887,D20,V20,2026-08-04,14,8.26,31.2,44.6,4,2.8571428571428568
T00288,0,1,2,0,24.01794871794872,39.7,1.0133210616031199,1.2727749211859887,4.0501035703270825,41.364151145647845,D20,V20,2026-07-31,39,12.0,24.0,39.7,3,0.7692307692307693
T00289,0,0,1,0,18.358333333333334,28.5,1.0050290607659507,1.1009200697598351,6.211082188883032,41.63780013401284,D20,V20,2026-08-02,12,4.03,18.4,28.5,1,0.8333333333333333
T00290,0,0,4,3,30.985185185185188,48.4,1.0288430263078001,1.2274559055216607,6.5191901144528925,51.26977764726506,D20,V20,2026-08-06,27,10.25,31.0,48.4,7,2.5925925925925926
T00291,0,0,0,0,20.95,30.4,1.0202243397927324,1.0768960024069176,6.180027631932123,32.3266175156016,D20,V20,2026-08-06,10,4.51,20.9,30.4,0,0.0
T00292,4,4,0,1,23.942857142857143,42.1,1.034830774167827,1.2532457859494284,4.720458772641577,29.64654785974246,D20,V20,2026-08-01,28,22.32,23.9,42.1,9,3.2142857142857144
T00293,1,2,0,0,22.86,37.5,1.0248500986055653,1.3005602638862992,4.485213113441705,33.05750444301566,D20,V20,2026-08-06,30,15.03,22.9,37.5,3,1.0
T00294,1,0,4,0,24.345454545454547,39.4,1.0150497034646218,1.1924621587287372,5.198915987628585,44.22612124073283,D20,V20,2026-08-01,44,21.19,24.3,39.4,5,1.1363636363636362
T00295,0,1,2,1,23.636363636363637,47.9,1.0335850250993854,1.2319683437491404,6.745487893097735,48.036544421929435,D20,V20,2026-08-03,11,6.97,23.6,47.9,4,3.6363636363636367
T00296,0,0,0,0,25.983333333333334,41.5,1.0117271797097893,1.1425992298264516,3.095204675248542,5.986484778231713,D20,V20,2026-08-05,30,18.68,26.0,41.5,0,0.0
T00297,0,1,2,1,28.58695652173913,49.9,1.0201480315581277,1.3013354678944242,6.614355204282251,53.71289696153057,D20,V20,2026-08-04,23,14.04,28.6,49.9,4,1.7391304347826086
T00298,1,1,0,0,22.329166666666666,33.6,1.0285004310512915,1.2987574831353235,5.459586765398778,33.2561648420259,D20,V20,2026-08-06,24,8.45,22.3,33.6,2,0.8333333333333333
T00299,1,1,2,1,24.225,44.1,1.0413032561386573,1.4818846108924946,5.010389538199353,55.589093354722024,D20,V20,2026-08-02,32,12.68,24.2,44.1,5,1.5625
T00300,1,0,1,0,23.53953488372093,37.3,1.016066200535116,1.2041067228447817,4.395373374020356,43.23470018399573,D20,V20,2026-08-04,43,24.19,23.5,37.3,2,0.46511627906976744
T00301,3,1,5,4,27.509756097560977,48.1,1.015353161804329,1.202428376245338,5.574400765222503,42.04934482248208,D21,V21,2026-07-31,41,18.17,27.5,48.1,13,3.1707317073170733
T00302,1,3,0,1,21.075,44.3,1.0322773934447023,1.5471373565394895,4.388052086550346,32.04327698597633,D21,V23,2026-08-01,32,15.77,21.1,44.3,5,1.5625
T00303,4,1,0,7,31.148387096774194,50.6,0.9953158900887804,1.1076520211691034,4.290789752890718,27.04544693659175,D21,V21,2026-08-04,31,13.29,31.1,50.6,12,3.870967741935484
T00304,1,2,6,2,24.75111111111111,46.5,1.0181816833380386,1.2318027439488841,6.096548050517556,47.680961609430646,D21,V21,2026-08-03,45,16.69,24.8,46.5,11,2.444444444444444
T00305,0,0,0,0,20.86923076923077,31.0,1.012704922885862,1.0688540592616,2.6168813127560075,4.954169960750236,D21,V21,2026-08-05,13,5.13,20.9,31.0,0,0.0
T00306,2,0,5,2,30.848484848484848,46.8,1.0218605511134133,1.1916983678767041,6.705344652631366,50.4752949471323,D21,V21,2026-07-31,33,11.58,30.8,46.8,9,2.727272727272727
T00307,0,0,2,0,18.03684210526316,31.6,1.0365467485335949,1.7653540721339727,4.481108437790074,37.454233405584475,D21,V29,2026-08-03,38,9.46,18.0,31.6,2,0.5263157894736842
T00308,2,0,2,1,27.805128205128206,45.0,1.0088177374987632,1.2255194816892958,4.320566999730758,40.40957683520083,D21,V21,2026-08-05,39,19.68,27.8,45.0,5,1.282051282051282
T00309,3,0,2,0,20.233333333333334,35.8,1.019433245379468,1.1824385819145111,4.187025423958719,40.17171890770919,D21,V21,2026-08-04,33,13.11,20.2,35.8,5,1.5151515151515151
T00310,0,0,0,0,25.373076923076926,38.4,1.013044953521651,1.14861481794377,4.920856545668071,36.73503232610528,D21,V21,2026-08-02,26,8.85,25.4,38.4,0,0.0
T00311,1,2,2,1,26.089189189189188,59.5,1.013545037865225,1.208230938190212,4.579615582517747,56.30117050293005,D21,V21,2026-07-31,37,11.33,26.1,59.5,6,1.6216216216216217
T00312,0,0,1,0,19.33235294117647,37.7,1.032904200287677,1.49432995017834,7.079041146254624,35.19176039927528,D21,V21,2026-08-05,34,21.52,19.3,37.7,1,0.29411764705882354
T00313,1,1,2,0,24.2,39.9,1.0058573245133904,1.0582065015865287,4.318256719083662,38.399885416495714,D21,V21,2026-08-06,24,14.88,24.2,39.9,4,1.6666666666666665
T00314,3,2,0,2,25.8,43.3,0.9954125522067355,1.0591723183693955,2.8591468135209963,5.330984899622207,D21,V21,2026-08-06,30,16.1,25.8,43.3,7,2.3333333333333335
T00315,1,2,0,3,29.4,44.5,1.0274884345724953,1.14165756687371,2.8339339068843112,4.898693703427476,D21,V21,2026-08-06,16,6.23,29.4,44.5,6,3.75
T00316,1,1,0,0,26.110000000000003,37.5,0.9957875214679761,1.0478831041676355,3.078873084258597,4.467639197607614,D22,V22,2026-08-03,10,4.6,26.1,37.5,2,2.0
T00317,0,0,2,0,19.960714285714285,27.6,1.0082702127289487,1.1036317320555802,5.094673357673922,42.68968376551881,D22,V22,2026-08-05,28,12.59,20.0,27.6,2,0.7142857142857142
T00318,1,0,0,0,17.63953488372093,31.3,1.0060379825211268,1.1567765557790322,3.2223166103795844,8.115750119366663,D22,V22,2026-08-06,43,14.81,17.6,31.3,1,0.23255813953488372
T00319,0,0,2,0,20.347368421052632,30.6,1.0094354717654974,1.208081536983328,3.957717102434071,37.143706061727336,D22,V22,2026-08-05,38,17.88,20.3,30.6,2,0.5263157894736842
T00320,0,0,0,0,24.982222222222223,33.5,1.0032761929328708,1.194566448549431,3.3677857119599612,7.196151749372715,D22,V22,2026-07-31,45,15.92,25.0,33.5,0,0.0
T00321,3,2,2,1,28.863414634146345,42.8,1.0227107138832618,1.4454684361825407,4.436277578221174,46.437822946387136,D22,V22,2026-08-06,41,26.67,28.9,42.8,8,1.951219512195122
T00322,0,0,1,0,18.83953488372093,27.3,1.0054799365715716,1.232695014997627,3.6574882543132627,34.7441779295467,D22,V22,2026-08-03,43,10.42,18.8,27.3,1,0.23255813953488372
T00323,1,0,0,0,28.053333333333335,35.6,1.0066295118116528,1.0959685214457575,3.7229407195775943,6.1403745814078805,D22,V22,2026-08-02,15,8.79,28.1,35.6,1,0.6666666666666666
T00324,0,0,0,0,16.964102564102564,24.2,1.0422111090720554,1.8381297560292094,3.8178399298906855,23.173549577050125,D22,V22,2026-08-02,39,16.51,17.0,24.2,0,0.0
T00325,1,1,2,0,24.00909090909091,33.8,1.0072533566909485,1.1191738024096167,3.7374678428420514,38.364335000101335,D22,V22,2026-08-06,44,20.74,24.0,33.8,4,0.9090909090909092
T00326,0,1,0,0,27.96875,39.4,1.0067294253416388,1.0648741709704486,3.6600650737161926,5.695902035674419,D22,V22,2026-08-03,16,5.74,28.0,39.4,1,0.625
T00327,0,1,2,0,23.01111111111111,32.4,0.9982582180808739,1.1112632451404123,4.311716376350848,38.73519071851848,D22,V22,2026-08-01,36,20.38,23.0,32.4,3,0.8333333333333333
T00328,0,0,2,0,24.33076923076923,32.2,1.014072038121274,1.1692997904729139,7.21645847638239,51.41355755051385,D22,V22,2026-08-06,13,6.7,24.3,32.2,2,1.5384615384615385
T00329,0,3,0,0,25.82857142857143,36.7,1.0096400791946634,1.127338902016603,3.2073810404232437,6.298523636535788,D22,V22,2026-08-04,35,18.3,25.8,36.7,3,0.8571428571428572
T00330,0,0,0,0,14.950000000000001,26.4,1.0104699954895429,1.0520693893465394,3.652486248974993,7.2224511074842175,D22,V22,2026-08-06,12,4.14,15.0,26.4,0,0.0
T00331,7,8,2,8,25.8,69.8,1.0477489757131822,1.2255325373077615,5.250735104538546,40.888465366164084,D23,V23,2026-08-02,45,22.43,25.8,69.8,25,5.555555555555555
T00332,1,2,0,3,31.53,52.8,1.026414558789622,1.248814237587,3.3067423600235086,5.844972198394104,D23,V23,2026-08-04,10,6.07,31.5,52.8,6,6.0
T00333,2,1,0,10,34.66428571428572,55.8,1.039589698960194,1.4351668892501666,3.445675928586515,19.27506939027717,D23,V23,2026-08-03,28,12.93,34.7,55.8,13,4.642857142857143
T00334,2,1,2,4,29.914285714285715,70.2,1.0512432842009554,1.2074423381677488,5.368861564984555,39.5276662604814,D23,V23,2026-08-06,14,9.14,29.9,70.2,9,6.428571428571429
T00335,7,7,1,5,21.2225,69.8,1.0380931901611106,1.67208283287641,5.204405981060225,52.74468598825857,D23,V23,2026-08-06,40,7.55,21.2,69.8,20,5.0
T00336,6,3,0,4,22.591666666666665,54.5,1.0406376090349287,1.6472440620624498,3.2529136037145605,7.110843831782555,D23,V23,2026-07-31,36,11.27,22.6,54.5,13,3.611111111111111
T00337,4,4,5,4,26.552777777777777,59.8,1.0315726681398512,1.3008954608268877,6.678856020532332,43.64873079483526,D23,V23,2026-08-01,36,15.19,26.6,59.8,17,4.722222222222222
T00338,5,4,2,5,24.713636363636365,62.8,1.0332029220141352,1.2848139943198003,4.052532578612321,38.75059870505228,D23,V23,2026-08-05,44,27.07,24.7,62.8,16,3.6363636363636367
T00339,5,5,2,4,20.365909090909092,58.4,1.042100879495609,1.4025377000280597,4.702600949931309,57.61953314632114,D23,V23,2026-08-06,44,19.97,20.4,58.4,16,3.6363636363636367
T00340,5,6,6,3,20.305,59.8,1.0314404517513553,1.6333101358896907,7.313164960595083,54.27203884137761,D23,V23,2026-08-01,40,12.15,20.3,59.8,20,5.0
T00341,0,1,2,1,21.01111111111111,44.7,1.0434641133554794,1.5905080949180987,7.189357258593757,38.13128636697167,D23,V23,2026-07-31,27,12.13,21.0,44.7,4,1.4814814814814814
T00342,2,2,2,5,29.282608695652176,50.2,1.0414482959989717,1.6693983946320305,5.408240569237911,50.09083948188531,D23,V23,2026-08-04,23,12.35,29.3,50.2,11,4.782608695652174
T00343,3,5,2,3,20.816,56.8,1.0243046318802833,1.2014274842869213,6.678979142490716,52.47826026079752,D23,V23,2026-08-04,25,11.03,20.8,56.8,13,5.2
T00344,1,0,0,0,18.03,39.6,1.0081837612395392,1.0691370351830491,5.358951089515382,29.61293298543729,D23,V23,2026-07-31,10,6.11,18.0,39.6,1,1.0
T00345,3,1,7,4,23.985714285714284,60.7,1.0262422977063477,1.4106558758251424,8.388631760150108,54.7431310759624,D23,V23,2026-08-04,35,12.4,24.0,60.7,15,4.285714285714286
T00346,2,2,2,1,19.5,62.5,1.0191867168337119,1.2754548208384333,4.777801978870823,43.8490205135759,D24,V24,2026-08-04,22,15.36,19.5,62.5,7,3.1818181818181817
T00347,5,5,4,6,26.5,67.0,1.0141955633410022,1.2813539713911999,5.7858590841280195,52.93112222501995,D24,V24,2026-08-04,38,15.03,26.5,67.0,20,5.263157894736842
T00348,2,3,2,2,22.822727272727274,47.1,1.0164869352701913,1.2065865074664144,5.168498974646439,45.94172504379869,D24,V24,2026-08-01,22,14.27,22.8,47.1,9,4.090909090909091
T00349,4,3,2,7,28.93793103448276,56.2,1.0342565720881967,1.568460710378172,4.696566877812874,48.18030095381307,D24,V24,2026-08-04,29,16.9,28.9,56.2,16,5.517241379310345
T00350,4,4,4,7,27.65,68.5,1.0398872622316986,1.5916978356459495,5.745693646097789,45.43552134618904,D24,V24,2026-08-06,42,21.2,27.6,68.5,19,4.523809523809524
T00351,8,5,2,10,24.733333333333334,54.2,1.0511915855570355,1.6684010309275166,4.334388796304191,40.91100585417083,D24,V24,2026-07-31,45,32.19,24.7,54.2,25,5.555555555555555
T00352,4,4,2,4,29.104347826086954,56.1,1.058903774393866,1.2736377035876412,4.726974204770226,45.074717969167594,D24,V24,2026-08-02,23,9.59,29.1,56.1,14,6.086956521739131
T00353,0,0,0,0,28.366666666666664,41.2,1.0175755067210241,1.0586963681811703,6.2265794829491545,33.08988062837338,D24,V24,2026-08-01,12,7.4,28.4,41.2,0,0.0
T00354,1,2,7,2,25.018181818181816,45.2,1.0667853736593078,1.776017173340393,7.562576505248867,55.51087641174475,D24,V23,2026-08-01,44,13.82,25.0,45.2,12,2.727272727272727
T00355,4,10,2,5,22.145238095238096,49.4,1.0170219546636934,1.257755938169246,4.5989784547127,50.14870885675921,D24,V24,2026-07-31,42,7.91,22.1,49.4,21,5.0
T00356,6,4,2,9,28.652499999999996,57.7,1.0548385678212227,1.731554503906822,5.508924057695438,52.17913184406195,D24,V24,2026-08-04,40,20.1,28.7,57.7,21,5.25
T00357,6,4,2,10,35.67666666666666,69.3,1.015890755980871,1.1658215987019627,4.857271384133712,45.200532076514314,D24,V24,2026-08-02,30,10.5,35.7,69.3,22,7.333333333333333
T00358,2,2,0,3,25.465384615384615,50.8,1.0320145815682493,1.2149283929516175,5.383824343402441,34.46900781861874,D24,V24,2026-08-05,26,12.02,25.5,50.8,7,2.692307692307692
T00359,4,4,2,8,29.593103448275862,57.4,1.0206015351252031,1.38445151594413,4.764015229922811,43.12978900945378,D24,V24,2026-08-01,29,13.09,29.6,57.4,18,6.206896551724138
T00360,1,2,4,2,25.5125,46.1,1.0202873442465314,1.1114863921794096,8.105068986556432,44.63828177696808,D24,V24,2026-08-04,16,4.84,25.5,46.1,9,5.625
T00361,0,2,2,0,24.872,37.2,1.0042572506976697,1.0883740165953981,5.579581036579083,40.649386219228454,D25,V25,2026-08-01,25,11.0,24.9,37.2,4,1.6
T00362,1,0,0,1,30.272727272727273,46.1,1.0374189819551005,1.1075003386003999,3.685287555286577,6.341860925627429,D25,V25,2026-08-04,11,5.74,30.3,46.1,2,1.8181818181818183
T00363,0,1,0,0,17.347826086956523,39.1,1.0129383059361547,1.124794203399004,3.1263254710124717,6.4637527799259145,D25,V25,2026-07-31,23,13.81,17.3,39.1,1,0.43478260869565216
T00364,0,1,0,0,19.596153846153847,39.9,1.0609639825211548,1.4900677836930776,5.436793651001685,33.8060068626864,D25,V25,2026-08-04,26,18.51,19.6,39.9,1,0.38461538461538464
T00365,4,4,2,5,29.81904761904762,51.1,1.0393352472624646,1.5238877911447417,4.913694186320077,46.896194941594146,D25,V25,2026-08-01,42,24.82,29.8,51.1,15,3.5714285714285716
T00366,3,3,4,5,30.7,49.0,1.031817874100521,1.5015142356967515,5.828458766327685,40.42150046695447,D25,V25,2026-08-06,32,9.26,30.7,49.0,15,4.6875
T00367,3,0,1,2,26.59722222222222,45.1,1.025525479571059,1.18330934247981,4.797059530735774,37.805016862845065,D25,V25,2026-08-04,36,17.45,26.6,45.1,6,1.6666666666666665
T00368,0,1,6,2,22.976744186046513,42.7,1.0217458873943146,1.1374603289785539,6.787799202481495,51.4708315456434,D25,V25,2026-07-31,43,23.73,23.0,42.7,9,2.0930232558139537
T00369,0,0,0,0,16.15,33.1,1.0292116743045023,1.240779593642642,2.8067415215513742,6.452859831113644,D25,V25,2026-08-06,32,18.87,16.1,33.1,0,0.0
T00370,0,0,0,0,20.199999999999996,33.4,1.0856065205549519,1.6823430090204554,6.2505723808045035,34.5972325482834,D25,V25,2026-08-03,13,7.51,20.2,33.4,0,0.0
T00371,0,0,4,1,27.427777777777777,44.1,1.0664765118260775,1.7782930017294676,10.036501801340153,52.211602158907176,D25,V25,2026-07-31,18,9.05,27.4,44.1,5,2.7777777777777777
T00372,3,0,0,2,27.23111111111111,46.1,1.0206846038533097,1.1851404980001317,4.606022760064135,31.158557412049742,D25,V25,2026-08-03,45,13.56,27.2,46.1,5,1.1111111111111112
T00373,0,1,2,0,16.01904761904762,38.2,1.0157541102063714,1.4788941814747936,5.648196009875689,58.206042641636444,D25,V25,2026-08-03,21,10.0,16.0,38.2,3,1.4285714285714284
T00374,2,3,2,2,24.446341463414633,43.0,1.015018820480361,1.3511805948873008,4.77721982965663,43.395532028078655,D25,V25,2026-08-04,41,12.55,24.4,43.0,9,2.1951219512195124
T00375,0,1,0,0,14.35483870967742,31.8,1.0402629749103458,1.5402246589377797,4.429075176893931,28.2474388219534,D25,V25,2026-08-01,31,10.74,14.4,31.8,1,0.3225806451612903
T00376,2,2,0,1,31.126315789473683,42.3,1.0038991070196814,1.1037853052111177,2.921826480788177,6.496252766018268,D26,V26,2026-08-02,19,11.35,31.1,42.3,5,2.631578947368421
T00377,0,0,4,0,18.394736842105264,25.6,1.0212755123874848,1.11354658636269,5.4890164826887435,41.37990454314751,D26,V26,2026-08-04,38,15.33,18.4,25.6,4,1.0526315789473684
T00378,3,3,2,0,31.058620689655175,41.0,0.9944122315892389,1.0549265377266797,4.27725818456089,44.86248544162483,D26,V21,2026-08-01,29,20.4,31.1,41.0,8,2.7586206896551726
T00379,1,1,0,0,30.041176470588233,39.5,1.0237563677042252,1.3256232496452378,5.263820215122077,36.677351322035236,D26,V26,2026-08-06,17,9.24,30.0,39.5,2,1.1764705882352942
T00380,1,1,2,1,33.932352941176475,43.3,1.0037922059438196,1.1249222195334216,4.457176113203195,47.09684702822472,D26,V26,2026-07-31,34,19.69,33.9,43.3,5,1.4705882352941178
T00381,0,1,0,0,19.4,30.1,1.0052655318565549,1.184252084650899,3.092408728296149,6.917535688379208,D26,V03,2026-08-02,26,13.07,19.4,30.1,1,0.38461538461538464
T00382,6,5,0,0,24.86923076923077,39.1,1.0510221806782731,1.7701090361895788,4.44644263815801,15.481453420141147,D26,V26,2026-08-06,26,10.95,24.9,39.1,11,4.230769230769231
T00383,0,0,0,0,18.05777777777778,28.7,1.0378323099121909,1.8646045157083577,4.13575941790627,33.13005885898786,D26,V26,2026-08-05,45,16.44,18.1,28.7,0,0.0
T00384,0,0,0,0,21.43,24.0,1.0254114120711988,1.095427313882578,2.2639558053109416,4.282814495165534,D26,V26,2026-08-04,10,4.47,21.4,24.0,0,0.0
T00385,0,0,0,0,20.77,34.1,1.0337226633244845,1.590096223503471,3.2971624720932224,9.361164457480704,D26,V26,2026-08-02,30,18.3,20.8,34.1,0,0.0
T00386,1,0,0,0,18.857142857142858,31.1,1.0099921567909265,1.2394886042235322,3.1734741776318125,6.125357132445422,D26,V26,2026-07-31,42,21.24,18.9,31.1,1,0.23809523809523808
T00387,1,1,2,0,28.08888888888889,38.5,1.0158899640250312,1.1535467047328427,4.815742460883161,39.791580767795594,D26,V26,2026-08-04,18,7.1,28.1,38.5,4,2.2222222222222223
T00388,1,1,0,0,23.60625,35.4,1.0048189293348482,1.1069010795911258,3.50032227606884,5.68317692844416,D26,V26,2026-08-05,32,18.94,23.6,35.4,2,0.625
T00389,0,0,0,0,25.635714285714283,35.2,1.0104205379729587,1.1009945503952323,2.5748454908952403,5.216023389518111,D26,V26,2026-08-03,14,6.6,25.6,35.2,0,0.0
T00390,2,1,2,0,27.24871794871795,36.9,0.9979847885064961,1.1068396451157685,4.033448504592197,48.42572250364469,D26,V26,2026-08-06,39,16.56,27.2,36.9,5,1.282051282051282
T00391,2,0,2,2,23.88695652173913,47.3,1.0124100277999435,1.079654111278237,5.129277512286935,53.646614059043834,D27,V27,2026-08-02,23,12.3,23.9,47.3,6,2.608695652173913
T00392,1,0,0,2,27.361538461538462,43.3,1.0093521044052873,1.0983068787911692,2.995941157766219,5.736366445756408,D27,V27,2026-08-03,13,9.89,27.4,43.3,3,2.307692307692308
T00393,0,1,0,0,22.053333333333335,33.8,1.0060141156312987,1.18130013121137,3.000577694358535,6.5342482352601206,D27,V27,2026-08-05,45,18.97,22.1,33.8,1,0.22222222222222224
T00394,1,2,2,0,27.52,39.1,1.032366349029333,1.3918124873703352,5.38668955252929,40.51805029860149,D27,V27,2026-08-03,35,21.17,27.5,39.1,5,1.4285714285714284
T00395,0,0,0,1,20.52777777777778,42.3,1.009467578096337,1.1219385009883562,3.661045677538441,6.214515266696188,D27,V27,2026-08-03,18,9.8,20.5,42.3,1,0.5555555555555556
T00396,1,1,2,0,17.563157894736843,32.0,1.012400839164358,1.1158221184400314,7.230351537984023,49.5653840901087,D27,V27,2026-08-01,19,7.9,17.6,32.0,4,2.1052631578947367
T00397,1,0,0,0,18.75714285714286,30.2,1.0504717576513751,1.708688385867944,6.25457470243083,34.249430652202086,D27,V27,2026-08-05,14,8.74,18.8,30.2,1,0.7142857142857142
T00398,3,2,2,5,29.80277777777778,51.3,1.0077350114526589,1.1460148341099254,4.012235458352802,41.05737570766062,D27,V27,2026-08-06,36,14.8,29.8,51.3,12,3.333333333333333
T00399,1,0,0,1,24.8,45.7,1.008478237607819,1.100354033936351,3.0067221373052493,4.674376963831651,D27,V27,2026-07-31,11,6.0,24.8,45.7,2,1.8181818181818183
T00400,1,0,2,0,24.466666666666665,37.0,0.9997262010390852,1.0521259430315366,5.993846183764054,47.540635250278264,D27,V27,2026-07-31,15,7.65,24.5,37.0,3,2.0
T00401,0,1,2,1,21.746666666666666,42.7,1.009330109290783,1.0663156193172827,4.565803115896786,41.73032710152174,D27,V27,2026-08-06,30,12.18,21.7,42.7,4,1.3333333333333333
T00402,2,2,2,0,20.99310344827586,40.1,1.0248963857302429,1.2178485127469671,4.737283077970743,41.51042519656959,D27,V27,2026-08-01,29,12.4,21.0,40.1,6,2.0689655172413794
T00403,2,1,4,0,22.533333333333335,40.0,1.033828949220215,1.5148798632234834,6.024253810622238,49.314236281220055,D27,V27,2026-07-31,33,11.2,22.5,40.0,7,2.121212121212121
T00404,0,0,4,0,19.63103448275862,35.0,1.0307381360039125,1.6152513736257896,6.716996197894594,45.40440176899152,D27,V27,2026-08-05,29,8.97,19.6,35.0,4,1.3793103448275863
T00405,0,1,0,0,22.7,38.3,1.032210254966337,1.193119021724153,3.403825832767504,5.443215961175893,D27,V27,2026-08-06,16,7.91,22.7,38.3,1,0.625
T00406,0,0,3,0,16.672727272727272,25.6,1.1149570515458949,1.687835892496661,14.518872939306005,52.361516402793384,D28,V28,2026-08-05,11,8.66,16.7,25.6,3,2.727272727272727
T00407,0,0,0,0,17.12222222222222,25.1,1.0057368285353836,1.1002558793298947,3.105992536804528,5.354185278826275,D28,V28,2026-08-01,18,8.96,17.1,25.1,0,0.0
T00408,1,0,0,0,27.3,36.0,1.0083979055469214,1.0738840719556277,3.329626931235833,6.83772623026105,D28,V28,2026-08-04,17,10.35,27.3,36.0,1,0.5882352941176471
T00409,0,1,0,0,23.229032258064517,34.8,1.0050716869412035,1.1104355001529804,2.997199143816504,6.9766109250838975,D28,V28,2026-08-04,31,12.2,23.2,34.8,1,0.3225806451612903
T00410,1,1,0,0,25.05185185185185,32.7,0.9992698545580112,1.0736582323998638,3.018470397396464,6.340268133131279,D28,V28,2026-08-05,27,11.1,25.1,32.7,2,0.7407407407407407
T00411,1,0,2,0,17.28181818181818,25.7,1.0186489140307822,1.395107522737943,4.9678545606673365,54.48282756979487,D28,V28,2026-07-31,33,24.8,17.3,25.7,3,0.9090909090909092
T00412,0,0,0,0,16.722727272727273,26.2,1.036733127324195,1.2703027198270496,3.130909308974841,5.964838639896304,D28,V28,2026-08-06,22,13.24,16.7,26.2,0,0.0
T00413,3,4,0,1,25.703225806451613,42.1,1.0140977906000264,1.2655982774956673,4.002062505123745,27.82863273680545,D28,V28,2026-08-04,31,19.8,25.7,42.1,8,2.5806451612903225
T00414,0,0,2,0,18.025000000000002,27.7,1.0221136607028494,1.098410214810478,5.072317889159305,49.634046782425465,D28,V28,2026-08-02,24,11.09,18.0,27.7,2,0.8333333333333333
T00415,0,0,2,0,26.875609756097564,39.6,1.0139516289758679,1.5072627508168572,4.467424281592432,48.09402769575449,D28,V28,2026-08-03,41,14.43,26.9,39.6,2,0.4878048780487805
T00416,0,0,0,0,19.553846153846155,27.1,1.0310283013478347,1.405599160500603,3.90045528122546,28.552045460877228,D28,V28,2026-08-03,39,19.51,19.6,27.1,0,0.0
T00417,0,0,0,0,20.73333333333333,28.2,1.0030058124929047,1.1079805954979536,4.101585834407651,25.155639526754232,D28,V28,2026-08-04,27,15.05,20.7,28.2,0,0.0
T00418,0,1,0,0,31.888461538461538,40.6,1.0101918562114796,1.0878906195017952,3.449249927187911,7.746199067930025,D28,V28,2026-08-01,26,16.94,31.9,40.6,1,0.38461538461538464
T00419,0,0,0,0,20.961904761904762,28.1,0.9994220382127379,1.0807173543531166,3.2995191762250005,6.0307628041567005,D28,V28,2026-08-02,21,10.49,21.0,28.1,0,0.0
T00420,0,0,0,0,22.109375,31.8,0.9923458599814965,1.0827335775711402,3.3267056553587646,5.041170499001199,D28,V28,2026-08-04,32,15.13,22.1,31.8,0,0.0
T00421,1,0,0,1,26.060606060606062,47.0,1.0137053551477668,1.5648287446235132,3.7687608296746262,15.519655279676801,D29,V29,2026-08-03,33,21.52,26.1,47.0,2,0.6060606060606061
T00422,1,0,0,1,28.718181818181815,42.0,0.996735474355986,1.041716852124415,3.385892181329084,6.652916653618923,D29,V29,2026-07-31,22,16.01,28.7,42.0,2,0.9090909090909092
T00423,0,0,0,0,31.53488372093023,40.8,1.0002219736007127,1.0560781221102917,3.164563201995075,6.645141082023767,D29,V29,2026-08-06,43,19.83,31.5,40.8,0,0.0
T00424,2,2,0,0,27.21851851851852,38.7,0.9987668902534802,1.117964221252183,3.8633695176632936,33.68157211295221,D29,V09,2026-08-06,27,16.85,27.2,38.7,4,1.4814814814814814
T00425,1,1,2,1,32.184444444444445,42.8,1.0051742745644223,1.1221613074776726,3.9738702478278203,48.93193946697801,D29,V29,2026-07-31,45,23.09,32.2,42.8,5,1.1111111111111112
T00426,2,2,0,1,31.047058823529408,44.6,1.0176139307355725,1.1052176256285455,3.3453037002112644,6.6720536568585835,D29,V29,2026-08-03,34,21.91,31.0,44.6,5,1.4705882352941178
T00427,2,1,0,0,25.163888888888888,34.4,1.0206280402625736,1.6519978813545737,2.762564575737445,5.521132130279079,D29,V19,2026-08-05,36,18.57,25.2,34.4,3,0.8333333333333333
T00428,2,3,0,1,29.284000000000002,44.9,1.016873612127465,1.0941169955722287,3.498232570207236,5.859470965880793,D29,V28,2026-08-04,25,10.07,29.3,44.9,6,2.4
T00429,1,0,2,0,27.515384615384615,34.6,1.022433099149549,1.1629746342891576,6.219260418724692,45.10806912294075,D29,V29,2026-08-04,13,5.45,27.5,34.6,3,2.307692307692308
T00430,2,1,2,0,26.35,36.4,1.018941269818767,1.072140848955957,4.6129270252588075,43.20089582404513,D29,V14,2026-08-03,20,8.65,26.4,36.4,5,2.5
T00431,1,1,2,0,31.681818181818183,40.0,1.0036736054886346,1.0899055004907534,4.699359578982037,42.80442266869161,D29,V23,2026-08-05,22,17.16,31.7,40.0,4,1.8181818181818183
T00432,0,0,0,0,18.39375,28.4,0.994402376516058,1.0784252408025325,3.302953283297457,5.780008650512557,D29,V10,2026-08-05,16,11.87,18.4,28.4,0,0.0
T00433,0,0,2,0,19.26410256410256,30.3,1.0196657007608725,1.2143895585848883,4.007214911978206,45.16980960774574,D29,V29,2026-08-03,39,14.96,19.3,30.3,2,0.5128205128205128
T00434,0,0,0,0,23.626923076923074,29.3,1.0007452099455298,1.0862660815840657,3.2064590158642443,5.747556002336994,D29,V29,2026-08-01,26,11.06,23.6,29.3,0,0.0
T00435,0,0,0,0,17.90487804878049,24.3,1.0475778769107984,1.7737626673261562,3.8262112852131462,16.632934196947932,D29,V02,2026-08-06,41,16.92,17.9,24.3,0,0.0
T00436,0,0,2,0,18.766666666666666,27.6,1.0114820502992659,1.0636639506911945,6.263755688955354,50.73359734929113,D30,V30,2026-08-01,15,8.08,18.8,27.6,2,1.3333333333333333
T00437,2,3,2,2,25.216129032258067,58.0,0.9998779791663904,1.0845252417532751,4.815486513567095,41.76164987162265,D30,V30,2026-08-02,31,16.49,25.2,58.0,9,2.903225806451613
T00438,2,2,0,0,19.504651162790697,35.7,1.0243190705861314,1.470601577586533,5.082994781711771,35.33458645576597,D30,V30,2026-08-04,43,27.75,19.5,35.7,4,0.9302325581395349
T00439,3,1,0,0,23.95641025641026,40.0,1.0094194102089216,1.4924908709938565,3.5911398535685524,9.23720737019582,D30,V30,2026-07-31,39,15.57,24.0,40.0,4,1.0256410256410255
T00440,0,2,2,0,17.804651162790698,35.1,1.005381262185868,1.0962139389735928,4.609371981779334,42.22207242663487,D30,V30,2026-08-05,43,17.79,17.8,35.1,4,0.9302325581395349
T00441,1,0,0,0,14.25897435897436,35.1,1.0064788917451142,1.097903912006875,3.2604723705495076,6.114482807237256,D30,V30,2026-08-03,39,16.95,14.3,35.1,1,0.2564102564102564
T00442,2,1,4,0,27.139024390243904,41.6,1.0140852366014808,1.2033424284051484,6.046017708402506,56.05587480362785,D30,V30,2026-08-05,41,15.1,27.1,41.6,7,1.707317073170732
T00443,2,1,0,2,27.011999999999997,51.3,1.0035963021839265,1.0842527380643316,3.1303037400239124,5.404932932053828,D30,V30,2026-08-03,25,15.35,27.0,51.3,5,2.0
T00444,2,1,0,0,18.406896551724138,40.9,1.0119107049806813,1.1226219310168495,3.4181349488547736,6.136383299631795,D30,V30,2026-07-31,29,18.85,18.4,40.9,3,1.0344827586206897
T00445,0,1,2,0,20.842222222222222,40.6,1.019091387128196,1.2864684216878393,4.398444196126698,38.16141899877414,D30,V06,2026-07-31,45,24.13,20.8,40.6,3,0.6666666666666666
T00446,2,2,2,1,28.196551724137933,42.0,1.0172864038650906,1.260951228240014,4.857727579002006,54.26469017694655,D30,V30,2026-07-31,29,17.61,28.2,42.0,7,2.413793103448276
T00447,1,2,0,2,25.71875,47.2,1.0221008976766623,1.265537435242435,2.5667652526525675,4.14074872456661,D30,V30,2026-08-05,16,6.7,25.7,47.2,5,3.125
T00448,0,0,0,1,28.828000000000003,43.0,1.0435243408523724,1.7384631143627984,3.858342542061854,9.34482209568486,D30,V30,2026-08-03,25,9.63,28.8,43.0,1,0.4
T00449,1,0,0,0,18.0125,33.6,1.0031624338817011,1.0734006707655812,2.539892286108726,5.052019398220874,D30,V30,2026-08-04,32,19.35,18.0,33.6,1,0.3125
T00450,3,4,2,1,21.945454545454545,42.5,1.0088403569292064,1.1380461326325924,5.672082415084662,53.460494760149764,D30,V09,2026-07-31,22,10.57,21.9,42.5,10,4.545454545454545
